,trades,buys,sells,pnl,wins,losses
DOT/USD,24.0,12.0,12.0,451.82343792915344,6.0,6.0
MATIC/USD,19.0,10.0,9.0,-190.81372079253197,3.0,6.0
AVAX/USD,22.0,11.0,11.0,298.50012016296387,5.0,6.0
LINK/USD,12.0,6.0,6.0,667.9221649169922,5.0,1.0
BNB/USD,13.0,7.0,6.0,239.50515747070312,4.0,2.0
SOL/USD,22.0,11.0,11.0,674.502326965332,7.0,4.0
ADA/USD,21.0,11.0,10.0,110.55145508050919,5.0,5.0
XRP/USD,14.0,7.0,7.0,910.7458093166351,6.0,1.0
ETH/USD,2.0,1.0,1.0,-104.1749267578125,0.0,1.0
